{"map":{"1000LUNCUSDT:bid:1996":{"firstSeen":1777873271994,"lastSeen":1777873271994,"peakNotional":32409.928320000003},"BTCUSDT:ask:2019":{"firstSeen":1777873458800,"lastSeen":1777873458800,"peakNotional":15043508.661199998},"BTCUSDT:ask:2024":{"firstSeen":1777873458800,"lastSeen":1777873458800,"peakNotional":33098583.4505},"ETHUSDT:ask:2003":{"firstSeen":1777873458895,"lastSeen":1777873458895,"peakNotional":48782025.17314},"ETHUSDT:ask:2017":{"firstSeen":1777873458895,"lastSeen":1777873458895,"peakNotional":15122307.672260001},"XRPUSDT:bid:1990":{"firstSeen":1777873458896,"lastSeen":1777873458896,"peakNotional":2678153.7848199997},"XRPUSDT:ask:2009":{"firstSeen":1777873458896,"lastSeen":1777873458896,"peakNotional":2315584.5044},"XRPUSDT:ask:2038":{"firstSeen":1777873458896,"lastSeen":1777873458896,"peakNotional":1717569.3506399998},"TRXUSDT:bid:1968":{"firstSeen":1777873458896,"lastSeen":1777873458896,"peakNotional":119345.82482},"TRXUSDT:bid:1998":{"firstSeen":1777873458896,"lastSeen":1777873458896,"peakNotional":201737.03416999997},"TRXUSDT:ask:2000":{"firstSeen":1777873458896,"lastSeen":1777873458896,"peakNotional":81612.65041},"TRXUSDT:ask:2021":{"firstSeen":1777873458896,"lastSeen":1777873458896,"peakNotional":82685.80583},"TRXUSDT:ask:2039":{"firstSeen":1777873458896,"lastSeen":1777873458896,"peakNotional":84904.30355000001},"LINKUSDT:bid:1989":{"firstSeen":1777873458898,"lastSeen":1777873458898,"peakNotional":468575.81787999993},"LINKUSDT:bid:1994":{"firstSeen":1777873458898,"lastSeen":1777873458898,"peakNotional":259403.95799},"LINKUSDT:ask:2026":{"firstSeen":1777873458898,"lastSeen":1777873458898,"peakNotional":216942.74824},"DASHUSDT:bid:1976":{"firstSeen":1777873458898,"lastSeen":1777873458898,"peakNotional":96230.28099},"ZECUSDT:bid:1962":{"firstSeen":1777873458900,"lastSeen":1777873458900,"peakNotional":474778.36923999997},"ZECUSDT:bid:1972":{"firstSeen":1777873458900,"lastSeen":1777873458900,"peakNotional":1199211.85726},"ZECUSDT:bid:1989":{"firstSeen":1777873458900,"lastSeen":1777873458900,"peakNotional":486267.37948000006},"DOGEUSDT:bid:1964":{"firstSeen":1777873458988,"lastSeen":1777873458988,"peakNotional":1548002.20148},"DOGEUSDT:bid:1971":{"firstSeen":1777873458988,"lastSeen":1777873458988,"peakNotional":1212405.25064},"DOGEUSDT:bid:1978":{"firstSeen":1777873458988,"lastSeen":1777873458988,"peakNotional":1235533.00495},"DOGEUSDT:ask:2036":{"firstSeen":1777873458988,"lastSeen":1777873458988,"peakNotional":1416194.2226099998},"UNIUSDT:bid:1970":{"firstSeen":1777873509590,"lastSeen":1777873509590,"peakNotional":133353.55099999998},"UNIUSDT:bid:1979":{"firstSeen":1777873509590,"lastSeen":1777873509590,"peakNotional":137596.812},"UNIUSDT:bid:1986":{"firstSeen":1777873509590,"lastSeen":1777873509590,"peakNotional":140236.56},"UNIUSDT:ask:2009":{"firstSeen":1777873509590,"lastSeen":1777873509590,"peakNotional":117569.568},"UNIUSDT:ask:2023":{"firstSeen":1777873509590,"lastSeen":1777873509590,"peakNotional":173163.857},"UNIUSDT:ask:2026":{"firstSeen":1777873509590,"lastSeen":1777873509590,"peakNotional":167747.319}},"ts":1777873564892}